season,round,driver,driver_points,driver_wins,driver_standings_pos
2019,1,bottas,26.0,1,1
2019,1,hamilton,18.0,0,2
2019,1,max_verstappen,15.0,0,3
2019,1,vettel,12.0,0,4
2019,1,leclerc,10.0,0,5
2019,1,kevin_magnussen,8.0,0,6
2019,1,hulkenberg,6.0,0,7
2019,1,raikkonen,4.0,0,8
2019,1,stroll,2.0,0,9
2019,1,kvyat,1.0,0,10
2019,1,gasly,0.0,0,11
2019,1,norris,0.0,0,12
2019,1,perez,0.0,0,13
2019,1,albon,0.0,0,14
2019,1,giovinazzi,0.0,0,15
2019,1,russell,0.0,0,16
2019,1,kubica,0.0,0,17
2019,1,grosjean,0.0,0,18
2019,1,ricciardo,0.0,0,19
2019,1,sainz,0.0,0,20
2019,2,bottas,44.0,1,1
2019,2,hamilton,43.0,1,2
2019,2,max_verstappen,27.0,0,3
2019,2,leclerc,26.0,0,4
2019,2,vettel,22.0,0,5
2019,2,raikkonen,10.0,0,6
2019,2,norris,8.0,0,7
2019,2,kevin_magnussen,8.0,0,8
2019,2,hulkenberg,6.0,0,9
2019,2,gasly,4.0,0,10
2019,2,albon,2.0,0,11
2019,2,stroll,2.0,0,12
2019,2,kvyat,1.0,0,13
2019,2,perez,1.0,0,14
2019,2,giovinazzi,0.0,0,15
2019,2,russell,0.0,0,16
2019,2,kubica,0.0,0,17
2019,2,ricciardo,0.0,0,18
2019,2,grosjean,0.0,0,19
2019,2,sainz,0.0,0,20
2019,3,hamilton,68.0,2,1
2019,3,bottas,62.0,1,2
2019,3,max_verstappen,39.0,0,3
2019,3,vettel,37.0,0,4
2019,3,leclerc,36.0,0,5
2019,3,gasly,13.0,0,6
2019,3,raikkonen,12.0,0,7
2019,3,norris,8.0,0,8
2019,3,kevin_magnussen,8.0,0,9
2019,3,hulkenberg,6.0,0,10
2019,3,ricciardo,6.0,0,11
2019,3,perez,5.0,0,12
2019,3,albon,3.0,0,13
2019,3,stroll,2.0,0,14
2019,3,kvyat,1.0,0,15
2019,3,giovinazzi,0.0,0,16
2019,3,grosjean,0.0,0,17
2019,3,sainz,0.0,0,18
2019,3,russell,0.0,0,19
2019,3,kubica,0.0,0,20
2019,4,bottas,87.0,2,1
2019,4,hamilton,86.0,2,2
2019,4,vettel,52.0,0,3
2019,4,max_verstappen,51.0,0,4
2019,4,leclerc,47.0,0,5
2019,4,perez,13.0,0,6
2019,4,gasly,13.0,0,7
2019,4,raikkonen,13.0,0,8
2019,4,norris,12.0,0,9
2019,4,kevin_magnussen,8.0,0,10
2019,4,hulkenberg,6.0,0,11
2019,4,sainz,6.0,0,12
2019,4,ricciardo,6.0,0,13
2019,4,stroll,4.0,0,14
2019,4,albon,3.0,0,15
2019,4,kvyat,1.0,0,16
2019,4,giovinazzi,0.0,0,17
2019,4,grosjean,0.0,0,18
2019,4,russell,0.0,0,19
2019,4,kubica,0.0,0,20
2019,5,hamilton,112.0,3,1
2019,5,bottas,105.0,2,2
2019,5,max_verstappen,66.0,0,3
2019,5,vettel,64.0,0,4
2019,5,leclerc,57.0,0,5
2019,5,gasly,21.0,0,6
2019,5,kevin_magnussen,14.0,0,7
2019,5,perez,13.0,0,8
2019,5,raikkonen,13.0,0,9
2019,5,norris,12.0,0,10
2019,5,sainz,10.0,0,11
2019,5,ricciardo,6.0,0,12
2019,5,hulkenberg,6.0,0,13
2019,5,stroll,4.0,0,14
2019,5,albon,3.0,0,15
2019,5,kvyat,3.0,0,16
2019,5,grosjean,1.0,0,17
2019,5,giovinazzi,0.0,0,18
2019,5,russell,0.0,0,19
2019,5,kubica,0.0,0,20
2019,6,hamilton,137.0,4,1
2019,6,bottas,120.0,2,2
2019,6,vettel,82.0,0,3
2019,6,max_verstappen,78.0,0,4
2019,6,leclerc,57.0,0,5
2019,6,gasly,32.0,0,6
2019,6,sainz,18.0,0,7
2019,6,kevin_magnussen,14.0,0,8
2019,6,perez,13.0,0,9
2019,6,raikkonen,13.0,0,10
2019,6,norris,12.0,0,11
2019,6,kvyat,9.0,0,12
2019,6,ricciardo,8.0,0,13
2019,6,albon,7.0,0,14
2019,6,hulkenberg,6.0,0,15
2019,6,stroll,4.0,0,16
2019,6,grosjean,2.0,0,17
2019,6,giovinazzi,0.0,0,18
2019,6,russell,0.0,0,19
2019,6,kubica,0.0,0,20
2019,7,hamilton,162.0,5,1
2019,7,bottas,133.0,2,2
2019,7,vettel,100.0,0,3
2019,7,max_verstappen,88.0,0,4
2019,7,leclerc,72.0,0,5
2019,7,gasly,36.0,0,6
2019,7,sainz,18.0,0,7
2019,7,ricciardo,16.0,0,8
2019,7,kevin_magnussen,14.0,0,9
2019,7,perez,13.0,0,10
2019,7,raikkonen,13.0,0,11
2019,7,norris,12.0,0,12
2019,7,hulkenberg,12.0,0,13
2019,7,kvyat,10.0,0,14
2019,7,albon,7.0,0,15
2019,7,stroll,6.0,0,16
2019,7,grosjean,2.0,0,17
2019,7,giovinazzi,0.0,0,18
2019,7,russell,0.0,0,19
2019,7,kubica,0.0,0,20
2019,8,hamilton,187.0,6,1
2019,8,bottas,151.0,2,2
2019,8,vettel,111.0,0,3
2019,8,max_verstappen,100.0,0,4
2019,8,leclerc,87.0,0,5
2019,8,gasly,37.0,0,6
2019,8,sainz,26.0,0,7
2019,8,raikkonen,19.0,0,8
2019,8,ricciardo,16.0,0,9
2019,8,hulkenberg,16.0,0,10
2019,8,kevin_magnussen,14.0,0,11
2019,8,norris,14.0,0,12
2019,8,perez,13.0,0,13
2019,8,kvyat,10.0,0,14
2019,8,albon,7.0,0,15
2019,8,stroll,6.0,0,16
2019,8,grosjean,2.0,0,17
2019,8,giovinazzi,0.0,0,18
2019,8,russell,0.0,0,19
2019,8,kubica,0.0,0,20
2019,9,hamilton,197.0,6,1
2019,9,bottas,166.0,2,2
2019,9,max_verstappen,126.0,1,3
2019,9,vettel,123.0,0,4
2019,9,leclerc,105.0,0,5
2019,9,gasly,43.0,0,6
2019,9,sainz,30.0,0,7
2019,9,norris,22.0,0,8
2019,9,raikkonen,21.0,0,9
2019,9,ricciardo,16.0,0,10
2019,9,hulkenberg,16.0,0,11
2019,9,kevin_magnussen,14.0,0,12
2019,9,perez,13.0,0,13
2019,9,kvyat,10.0,0,14
2019,9,albon,7.0,0,15
2019,9,stroll,6.0,0,16
2019,9,grosjean,2.0,0,17
2019,9,giovinazzi,1.0,0,18
2019,9,russell,0.0,0,19
2019,9,kubica,0.0,0,20
2019,10,hamilton,223.0,7,1
2019,10,bottas,184.0,2,2
2019,10,max_verstappen,136.0,1,3
2019,10,vettel,123.0,0,4
2019,10,leclerc,120.0,0,5
2019,10,gasly,55.0,0,6
2019,10,sainz,38.0,0,7
2019,10,raikkonen,25.0,0,8
2019,10,norris,22.0,0,9
2019,10,ricciardo,22.0,0,10
2019,10,hulkenberg,17.0,0,11
2019,10,kevin_magnussen,14.0,0,12
2019,10,perez,13.0,0,13
2019,10,kvyat,12.0,0,14
2019,10,albon,7.0,0,15
2019,10,stroll,6.0,0,16
2019,10,grosjean,2.0,0,17
2019,10,giovinazzi,1.0,0,18
2019,10,russell,0.0,0,19
2019,10,kubica,0.0,0,20
2019,11,hamilton,225.0,7,1
2019,11,bottas,184.0,2,2
2019,11,max_verstappen,162.0,2,3
2019,11,vettel,141.0,0,4
2019,11,leclerc,120.0,0,5
2019,11,gasly,55.0,0,6
2019,11,sainz,48.0,0,7
2019,11,kvyat,27.0,0,8
2019,11,raikkonen,25.0,0,9
2019,11,norris,22.0,0,10
2019,11,ricciardo,22.0,0,11
2019,11,stroll,18.0,0,12
2019,11,kevin_magnussen,18.0,0,13
2019,11,hulkenberg,17.0,0,14
2019,11,albon,15.0,0,15
2019,11,perez,13.0,0,16
2019,11,grosjean,8.0,0,17
2019,11,giovinazzi,1.0,0,18
2019,11,kubica,1.0,0,19
2019,11,russell,0.0,0,20
2019,12,hamilton,250.0,8,1
2019,12,bottas,188.0,2,2
2019,12,max_verstappen,181.0,2,3
2019,12,vettel,156.0,0,4
2019,12,leclerc,132.0,0,5
2019,12,gasly,63.0,0,6
2019,12,sainz,58.0,0,7
2019,12,raikkonen,31.0,0,8
2019,12,kvyat,27.0,0,9
2019,12,norris,24.0,0,10
2019,12,ricciardo,22.0,0,11
2019,12,stroll,18.0,0,12
2019,12,kevin_magnussen,18.0,0,13
2019,12,hulkenberg,17.0,0,14
2019,12,albon,16.0,0,15
2019,12,perez,13.0,0,16
2019,12,grosjean,8.0,0,17
2019,12,giovinazzi,1.0,0,18
2019,12,kubica,1.0,0,19
2019,12,russell,0.0,0,20
2019,13,hamilton,268.0,8,1
2019,13,bottas,203.0,2,2
2019,13,max_verstappen,181.0,2,3
2019,13,vettel,169.0,0,4
2019,13,leclerc,157.0,1,5
2019,13,gasly,65.0,0,6
2019,13,sainz,58.0,0,7
2019,13,kvyat,33.0,0,8
2019,13,raikkonen,31.0,0,9
2019,13,albon,26.0,0,10
2019,13,norris,24.0,0,11
2019,13,ricciardo,22.0,0,12
2019,13,perez,21.0,0,13
2019,13,hulkenberg,21.0,0,14
2019,13,stroll,19.0,0,15
2019,13,kevin_magnussen,18.0,0,16
2019,13,grosjean,8.0,0,17
2019,13,giovinazzi,1.0,0,18
2019,13,kubica,1.0,0,19
2019,13,russell,0.0,0,20
2019,14,hamilton,284.0,8,1
2019,14,bottas,221.0,2,2
2019,14,max_verstappen,185.0,2,3
2019,14,leclerc,182.0,2,4
2019,14,vettel,169.0,0,5
2019,14,gasly,65.0,0,6
2019,14,sainz,58.0,0,7
2019,14,ricciardo,34.0,0,8
2019,14,albon,34.0,0,9
2019,14,kvyat,33.0,0,10
2019,14,hulkenberg,31.0,0,11
2019,14,raikkonen,31.0,0,12
2019,14,perez,27.0,0,13
2019,14,norris,25.0,0,14
2019,14,stroll,19.0,0,15
2019,14,kevin_magnussen,18.0,0,16
2019,14,grosjean,8.0,0,17
2019,14,giovinazzi,3.0,0,18
2019,14,kubica,1.0,0,19
2019,14,russell,0.0,0,20
2019,15,hamilton,296.0,8,1
2019,15,bottas,231.0,2,2
2019,15,leclerc,200.0,2,3
2019,15,max_verstappen,200.0,2,4
2019,15,vettel,194.0,1,5
2019,15,gasly,69.0,0,6
2019,15,sainz,58.0,0,7
2019,15,albon,42.0,0,8
2019,15,ricciardo,34.0,0,9
2019,15,kvyat,33.0,0,10
2019,15,hulkenberg,33.0,0,11
2019,15,norris,31.0,0,12
2019,15,raikkonen,31.0,0,13
2019,15,perez,27.0,0,14
2019,15,stroll,19.0,0,15
2019,15,kevin_magnussen,18.0,0,16
2019,15,grosjean,8.0,0,17
2019,15,giovinazzi,4.0,0,18
2019,15,kubica,1.0,0,19
2019,15,russell,0.0,0,20
2019,16,hamilton,322.0,9,1
2019,16,bottas,249.0,2,2
2019,16,leclerc,215.0,2,3
2019,16,max_verstappen,212.0,2,4
2019,16,vettel,194.0,1,5
2019,16,gasly,69.0,0,6
2019,16,sainz,66.0,0,7
2019,16,albon,52.0,0,8
2019,16,norris,35.0,0,9
2019,16,ricciardo,34.0,0,10
2019,16,hulkenberg,34.0,0,11
2019,16,kvyat,33.0,0,12
2019,16,perez,33.0,0,13
2019,16,raikkonen,31.0,0,14
2019,16,kevin_magnussen,20.0,0,15
2019,16,stroll,19.0,0,16
2019,16,grosjean,8.0,0,17
2019,16,giovinazzi,4.0,0,18
2019,16,kubica,1.0,0,19
2019,16,russell,0.0,0,20
2019,17,hamilton,338.0,9,1
2019,17,bottas,274.0,3,2
2019,17,leclerc,223.0,2,3
2019,17,max_verstappen,212.0,2,4
2019,17,vettel,212.0,1,5
2019,17,sainz,76.0,0,6
2019,17,gasly,75.0,0,7
2019,17,albon,64.0,0,8
2019,17,perez,37.0,0,9
2019,17,norris,35.0,0,10
2019,17,kvyat,34.0,0,11
2019,17,ricciardo,34.0,0,12
2019,17,hulkenberg,34.0,0,13
2019,17,raikkonen,31.0,0,14
2019,17,stroll,21.0,0,15
2019,17,kevin_magnussen,20.0,0,16
2019,17,grosjean,8.0,0,17
2019,17,giovinazzi,4.0,0,18
2019,17,kubica,1.0,0,19
2019,17,russell,0.0,0,20
2019,18,hamilton,363.0,10,1
2019,18,bottas,289.0,3,2
2019,18,leclerc,236.0,2,3
2019,18,vettel,230.0,1,4
2019,18,max_verstappen,220.0,2,5
2019,18,gasly,77.0,0,6
2019,18,sainz,76.0,0,7
2019,18,albon,74.0,0,8
2019,18,perez,43.0,0,9
2019,18,ricciardo,38.0,0,10
2019,18,hulkenberg,35.0,0,11
2019,18,norris,35.0,0,12
2019,18,kvyat,34.0,0,13
2019,18,raikkonen,31.0,0,14
2019,18,stroll,21.0,0,15
2019,18,kevin_magnussen,20.0,0,16
2019,18,grosjean,8.0,0,17
2019,18,giovinazzi,4.0,0,18
2019,18,kubica,1.0,0,19
2019,18,russell,0.0,0,20
2019,19,hamilton,381.0,10,1
2019,19,bottas,314.0,4,2
2019,19,leclerc,249.0,2,3
2019,19,max_verstappen,235.0,2,4
2019,19,vettel,230.0,1,5
2019,19,albon,84.0,0,6
2019,19,sainz,80.0,0,7
2019,19,gasly,77.0,0,8
2019,19,ricciardo,46.0,0,9
2019,19,perez,44.0,0,10
2019,19,norris,41.0,0,11
2019,19,hulkenberg,37.0,0,12
2019,19,kvyat,34.0,0,13
2019,19,raikkonen,31.0,0,14
2019,19,stroll,21.0,0,15
2019,19,kevin_magnussen,20.0,0,16
2019,19,grosjean,8.0,0,17
2019,19,giovinazzi,4.0,0,18
2019,19,kubica,1.0,0,19
2019,19,russell,0.0,0,20
2019,20,hamilton,387.0,10,1
2019,20,bottas,314.0,4,2
2019,20,max_verstappen,260.0,3,3
2019,20,leclerc,249.0,2,4
2019,20,vettel,230.0,1,5
2019,20,gasly,95.0,0,6
2019,20,sainz,95.0,0,7
2019,20,albon,84.0,0,8
2019,20,ricciardo,54.0,0,9
2019,20,perez,46.0,0,10
2019,20,norris,45.0,0,11
2019,20,raikkonen,43.0,0,12
2019,20,hulkenberg,37.0,0,13
2019,20,kvyat,35.0,0,14
2019,20,stroll,21.0,0,15
2019,20,kevin_magnussen,20.0,0,16
2019,20,giovinazzi,14.0,0,17
2019,20,grosjean,8.0,0,18
2019,20,kubica,1.0,0,19
2019,20,russell,0.0,0,20
2019,21,hamilton,413.0,11,1
2019,21,bottas,326.0,4,2
2019,21,max_verstappen,278.0,3,3
2019,21,leclerc,264.0,2,4
2019,21,vettel,240.0,1,5
2019,21,sainz,96.0,0,6
2019,21,gasly,95.0,0,7
2019,21,albon,92.0,0,8
2019,21,ricciardo,54.0,0,9
2019,21,perez,52.0,0,10
2019,21,norris,49.0,0,11
2019,21,raikkonen,43.0,0,12
2019,21,kvyat,37.0,0,13
2019,21,hulkenberg,37.0,0,14
2019,21,stroll,21.0,0,15
2019,21,kevin_magnussen,20.0,0,16
2019,21,giovinazzi,14.0,0,17
2019,21,grosjean,8.0,0,18
2019,21,kubica,1.0,0,19
2019,21,russell,0.0,0,20
2020,1,bottas,25.0,1,1
2020,1,leclerc,18.0,0,2
2020,1,norris,16.0,0,3
2020,1,hamilton,12.0,0,4
2020,1,sainz,10.0,0,5
2020,1,perez,8.0,0,6
2020,1,gasly,6.0,0,7
2020,1,ocon,4.0,0,8
2020,1,giovinazzi,2.0,0,9
2020,1,vettel,1.0,0,10
2020,1,latifi,0.0,0,11
2020,1,kvyat,0.0,0,12
2020,1,albon,0.0,0,13
2020,1,raikkonen,0.0,0,14
2020,1,russell,0.0,0,15
2020,1,grosjean,0.0,0,16
2020,1,kevin_magnussen,0.0,0,17
2020,1,stroll,0.0,0,18
2020,1,ricciardo,0.0,0,19
2020,1,max_verstappen,0.0,0,20
2020,2,bottas,43.0,1,1
2020,2,hamilton,37.0,1,2
2020,2,norris,26.0,0,3
2020,2,leclerc,18.0,0,4
2020,2,perez,16.0,0,5
2020,2,max_verstappen,15.0,0,6
2020,2,sainz,13.0,0,7
2020,2,albon,12.0,0,8
2020,2,gasly,6.0,0,9
2020,2,stroll,6.0,0,10
2020,2,ocon,4.0,0,11
2020,2,ricciardo,4.0,0,12
2020,2,giovinazzi,2.0,0,13
2020,2,kvyat,1.0,0,14
2020,2,vettel,1.0,0,15
2020,2,latifi,0.0,0,16
2020,2,raikkonen,0.0,0,17
2020,2,kevin_magnussen,0.0,0,18
2020,2,grosjean,0.0,0,19
2020,2,russell,0.0,0,20
2020,3,hamilton,63.0,2,1
2020,3,bottas,58.0,1,2
2020,3,max_verstappen,33.0,0,3
2020,3,norris,26.0,0,4
2020,3,albon,22.0,0,5
2020,3,perez,22.0,0,6
2020,3,leclerc,18.0,0,7
2020,3,stroll,18.0,0,8
2020,3,sainz,15.0,0,9
2020,3,vettel,9.0,0,10
2020,3,ricciardo,8.0,0,11
2020,3,gasly,6.0,0,12
2020,3,ocon,4.0,0,13
2020,3,giovinazzi,2.0,0,14
2020,3,kvyat,1.0,0,15
2020,3,kevin_magnussen,1.0,0,16
2020,3,raikkonen,0.0,0,17
2020,3,latifi,0.0,0,18
2020,3,grosjean,0.0,0,19
2020,3,russell,0.0,0,20
2020,4,hamilton,88.0,3,1
2020,4,bottas,58.0,1,2
2020,4,max_verstappen,52.0,0,3
2020,4,norris,36.0,0,4
2020,4,leclerc,33.0,0,5
2020,4,albon,26.0,0,6
2020,4,perez,22.0,0,7
2020,4,stroll,20.0,0,8
2020,4,ricciardo,20.0,0,9
2020,4,sainz,15.0,0,10
2020,4,ocon,12.0,0,11
2020,4,gasly,12.0,0,12
2020,4,vettel,10.0,0,13
2020,4,giovinazzi,2.0,0,14
2020,4,kvyat,1.0,0,15
2020,4,kevin_magnussen,1.0,0,16
2020,4,latifi,0.0,0,17
2020,4,raikkonen,0.0,0,18
2020,4,russell,0.0,0,19
2020,4,grosjean,0.0,0,20
2020,4,hulkenberg,0.0,0,21
2020,5,hamilton,107.0,3,1
2020,5,max_verstappen,77.0,1,2
2020,5,bottas,73.0,1,3
2020,5,leclerc,45.0,0,4
2020,5,norris,38.0,0,5
2020,5,albon,36.0,0,6
2020,5,stroll,28.0,0,7
2020,5,perez,22.0,0,8
2020,5,ricciardo,20.0,0,9
2020,5,ocon,16.0,0,10
2020,5,sainz,15.0,0,11
2020,5,gasly,12.0,0,12
2020,5,vettel,10.0,0,13
2020,5,hulkenberg,6.0,0,14
2020,5,giovinazzi,2.0,0,15
2020,5,kvyat,2.0,0,16
2020,5,kevin_magnussen,1.0,0,17
2020,5,raikkonen,0.0,0,18
2020,5,latifi,0.0,0,19
2020,5,russell,0.0,0,20
2020,5,grosjean,0.0,0,21
2020,6,hamilton,132.0,4,1
2020,6,max_verstappen,95.0,1,2
2020,6,bottas,89.0,1,3
2020,6,leclerc,45.0,0,4
2020,6,stroll,40.0,0,5
2020,6,albon,40.0,0,6
2020,6,norris,39.0,0,7
2020,6,perez,32.0,0,8
2020,6,sainz,23.0,0,9
2020,6,ricciardo,20.0,0,10
2020,6,vettel,16.0,0,11
2020,6,ocon,16.0,0,12
2020,6,gasly,14.0,0,13
2020,6,hulkenberg,6.0,0,14
2020,6,giovinazzi,2.0,0,15
2020,6,kvyat,2.0,0,16
2020,6,kevin_magnussen,1.0,0,17
2020,6,raikkonen,0.0,0,18
2020,6,latifi,0.0,0,19
2020,6,russell,0.0,0,20
2020,6,grosjean,0.0,0,21
2020,7,hamilton,157.0,5,1
2020,7,max_verstappen,110.0,1,2
2020,7,bottas,107.0,1,3
2020,7,albon,48.0,0,4
2020,7,leclerc,45.0,0,5
2020,7,norris,45.0,0,6
2020,7,stroll,42.0,0,7
2020,7,ricciardo,33.0,0,8
2020,7,perez,33.0,0,9
2020,7,ocon,26.0,0,10
2020,7,sainz,23.0,0,11
2020,7,gasly,18.0,0,12
2020,7,vettel,16.0,0,13
2020,7,hulkenberg,6.0,0,14
2020,7,giovinazzi,2.0,0,15
2020,7,kvyat,2.0,0,16
2020,7,kevin_magnussen,1.0,0,17
2020,7,raikkonen,0.0,0,18
2020,7,latifi,0.0,0,19
2020,7,russell,0.0,0,20
2020,7,grosjean,0.0,0,21
2020,8,hamilton,164.0,5,1
2020,8,bottas,117.0,1,2
2020,8,max_verstappen,110.0,1,3
2020,8,stroll,57.0,0,4
2020,8,norris,57.0,0,5
2020,8,albon,48.0,0,6
2020,8,leclerc,45.0,0,7
2020,8,gasly,43.0,1,8
2020,8,sainz,41.0,0,9
2020,8,ricciardo,41.0,0,10
2020,8,perez,34.0,0,11
2020,8,ocon,30.0,0,12
2020,8,vettel,16.0,0,13
2020,8,hulkenberg,6.0,0,14
2020,8,kvyat,4.0,0,15
2020,8,giovinazzi,2.0,0,16
2020,8,kevin_magnussen,1.0,0,17
2020,8,latifi,0.0,0,18
2020,8,raikkonen,0.0,0,19
2020,8,grosjean,0.0,0,20
2020,8,russell,0.0,0,21
2020,9,hamilton,190.0,6,1
2020,9,bottas,135.0,1,2
2020,9,max_verstappen,110.0,1,3
2020,9,norris,65.0,0,4
2020,9,albon,63.0,0,5
2020,9,stroll,57.0,0,6
2020,9,ricciardo,53.0,0,7
2020,9,leclerc,49.0,0,8
2020,9,perez,44.0,0,9
2020,9,gasly,43.0,1,10
2020,9,sainz,41.0,0,11
2020,9,ocon,30.0,0,12
2020,9,vettel,17.0,0,13
2020,9,kvyat,10.0,0,14
2020,9,hulkenberg,6.0,0,15
2020,9,raikkonen,2.0,0,16
2020,9,giovinazzi,2.0,0,17
2020,9,kevin_magnussen,1.0,0,18
2020,9,latifi,0.0,0,19
2020,9,russell,0.0,0,20
2020,9,grosjean,0.0,0,21
2020,10,hamilton,205.0,6,1
2020,10,bottas,161.0,2,2
2020,10,max_verstappen,128.0,1,3
2020,10,norris,65.0,0,4
2020,10,albon,64.0,0,5
2020,10,ricciardo,63.0,0,6
2020,10,leclerc,57.0,0,7
2020,10,stroll,57.0,0,8
2020,10,perez,56.0,0,9
2020,10,gasly,45.0,1,10
2020,10,sainz,41.0,0,11
2020,10,ocon,36.0,0,12
2020,10,vettel,17.0,0,13
2020,10,kvyat,14.0,0,14
2020,10,hulkenberg,6.0,0,15
2020,10,raikkonen,2.0,0,16
2020,10,giovinazzi,2.0,0,17
2020,10,kevin_magnussen,1.0,0,18
2020,10,latifi,0.0,0,19
2020,10,russell,0.0,0,20
2020,10,grosjean,0.0,0,21
2020,11,hamilton,230.0,7,1
2020,11,bottas,161.0,2,2
2020,11,max_verstappen,147.0,1,3
2020,11,ricciardo,78.0,0,4
2020,11,perez,68.0,0,5
2020,11,norris,65.0,0,6
2020,11,albon,64.0,0,7
2020,11,leclerc,63.0,0,8
2020,11,stroll,57.0,0,9
2020,11,gasly,53.0,1,10
2020,11,sainz,51.0,0,11
2020,11,ocon,36.0,0,12
2020,11,vettel,17.0,0,13
2020,11,kvyat,14.0,0,14
2020,11,hulkenberg,10.0,0,15
2020,11,giovinazzi,3.0,0,16
2020,11,raikkonen,2.0,0,17
2020,11,grosjean,2.0,0,18
2020,11,kevin_magnussen,1.0,0,19
2020,11,latifi,0.0,0,20
2020,11,russell,0.0,0,21
2020,12,hamilton,256.0,8,1
2020,12,bottas,179.0,2,2
2020,12,max_verstappen,162.0,1,3
2020,12,ricciardo,80.0,0,4
2020,12,leclerc,75.0,0,5
2020,12,perez,74.0,0,6
2020,12,norris,65.0,0,7
2020,12,albon,64.0,0,8
2020,12,gasly,63.0,1,9
2020,12,sainz,59.0,0,10
2020,12,stroll,57.0,0,11
2020,12,ocon,40.0,0,12
2020,12,vettel,18.0,0,13
2020,12,kvyat,14.0,0,14
2020,12,hulkenberg,10.0,0,15
2020,12,giovinazzi,3.0,0,16
2020,12,raikkonen,2.0,0,17
2020,12,grosjean,2.0,0,18
2020,12,kevin_magnussen,1.0,0,19
2020,12,latifi,0.0,0,20
2020,12,russell,0.0,0,21
2020,13,hamilton,282.0,9,1
2020,13,bottas,197.0,2,2
2020,13,max_verstappen,162.0,1,3
2020,13,ricciardo,95.0,0,4
2020,13,leclerc,85.0,0,5
2020,13,perez,82.0,0,6
2020,13,norris,69.0,0,7
2020,13,sainz,65.0,0,8
2020,13,albon,64.0,0,9
2020,13,gasly,63.0,1,10
2020,13,stroll,57.0,0,11
2020,13,ocon,40.0,0,12
2020,13,kvyat,26.0,0,13
2020,13,vettel,18.0,0,14
2020,13,hulkenberg,10.0,0,15
2020,13,raikkonen,4.0,0,16
2020,13,giovinazzi,4.0,0,17
2020,13,grosjean,2.0,0,18
2020,13,kevin_magnussen,1.0,0,19
2020,13,latifi,0.0,0,20
2020,13,russell,0.0,0,21
2020,14,hamilton,307.0,10,1
2020,14,bottas,197.0,2,2
2020,14,max_verstappen,170.0,1,3
2020,14,perez,100.0,0,4
2020,14,leclerc,97.0,0,5
2020,14,ricciardo,96.0,0,6
2020,14,sainz,75.0,0,7
2020,14,norris,74.0,0,8
2020,14,albon,70.0,0,9
2020,14,gasly,63.0,1,10
2020,14,stroll,59.0,0,11
2020,14,ocon,40.0,0,12
2020,14,vettel,33.0,0,13
2020,14,kvyat,26.0,0,14
2020,14,hulkenberg,10.0,0,15
2020,14,raikkonen,4.0,0,16
2020,14,giovinazzi,4.0,0,17
2020,14,grosjean,2.0,0,18
2020,14,kevin_magnussen,1.0,0,19
2020,14,latifi,0.0,0,20
2020,14,russell,0.0,0,21
2020,15,hamilton,332.0,11,1
2020,15,bottas,201.0,2,2
2020,15,max_verstappen,189.0,1,3
2020,15,ricciardo,102.0,0,4
2020,15,perez,100.0,0,5
2020,15,leclerc,98.0,0,6
2020,15,norris,86.0,0,7
2020,15,sainz,85.0,0,8
2020,15,albon,85.0,0,9
2020,15,gasly,71.0,1,10
2020,15,stroll,59.0,0,11
2020,15,ocon,42.0,0,12
2020,15,vettel,33.0,0,13
2020,15,kvyat,26.0,0,14
2020,15,hulkenberg,10.0,0,15
2020,15,raikkonen,4.0,0,16
2020,15,giovinazzi,4.0,0,17
2020,15,grosjean,2.0,0,18
2020,15,kevin_magnussen,1.0,0,19
2020,15,latifi,0.0,0,20
2020,15,russell,0.0,0,21
2020,16,hamilton,332.0,11,1
2020,16,bottas,205.0,2,2
2020,16,max_verstappen,189.0,1,3
2020,16,perez,125.0,1,4
2020,16,ricciardo,112.0,0,5
2020,16,leclerc,98.0,0,6
2020,16,sainz,97.0,0,7
2020,16,albon,93.0,0,8
2020,16,norris,87.0,0,9
2020,16,stroll,74.0,0,10
2020,16,gasly,71.0,1,11
2020,16,ocon,60.0,0,12
2020,16,vettel,33.0,0,13
2020,16,kvyat,32.0,0,14
2020,16,hulkenberg,10.0,0,15
2020,16,raikkonen,4.0,0,16
2020,16,giovinazzi,4.0,0,17
2020,16,russell,3.0,0,18
2020,16,grosjean,2.0,0,19
2020,16,kevin_magnussen,1.0,0,20
2020,16,latifi,0.0,0,21
2020,16,aitken,0.0,0,22
2020,16,pietro_fittipaldi,0.0,0,23
2020,17,hamilton,347.0,11,1
2020,17,bottas,223.0,2,2
2020,17,max_verstappen,214.0,2,3
2020,17,perez,125.0,1,4
2020,17,ricciardo,119.0,0,5
2020,17,sainz,105.0,0,6
2020,17,albon,105.0,0,7
2020,17,leclerc,98.0,0,8
2020,17,norris,97.0,0,9
2020,17,gasly,75.0,1,10
2020,17,stroll,75.0,0,11
2020,17,ocon,62.0,0,12
2020,17,vettel,33.0,0,13
2020,17,kvyat,32.0,0,14
2020,17,hulkenberg,10.0,0,15
2020,17,raikkonen,4.0,0,16
2020,17,giovinazzi,4.0,0,17
2020,17,russell,3.0,0,18
2020,17,grosjean,2.0,0,19
2020,17,kevin_magnussen,1.0,0,20
2020,17,latifi,0.0,0,21
2020,17,aitken,0.0,0,22
2020,17,pietro_fittipaldi,0.0,0,23
2021,1,hamilton,25.0,1,1
2021,1,max_verstappen,18.0,0,2
2021,1,bottas,16.0,0,3
2021,1,norris,12.0,0,4
2021,1,perez,10.0,0,5
2021,1,leclerc,8.0,0,6
2021,1,ricciardo,6.0,0,7
2021,1,sainz,4.0,0,8
2021,1,tsunoda,2.0,0,9
2021,1,stroll,1.0,0,10
2021,1,raikkonen,0.0,0,11
2021,1,giovinazzi,0.0,0,12
2021,1,ocon,0.0,0,13
2021,1,russell,0.0,0,14
2021,1,vettel,0.0,0,15
2021,1,mick_schumacher,0.0,0,16
2021,1,gasly,0.0,0,17
2021,1,latifi,0.0,0,18
2021,1,alonso,0.0,0,19
2021,1,mazepin,0.0,0,20
2021,2,hamilton,44.0,1,1
2021,2,max_verstappen,43.0,1,2
2021,2,norris,27.0,0,3
2021,2,leclerc,20.0,0,4
2021,2,bottas,16.0,0,5
2021,2,sainz,14.0,0,6
2021,2,ricciardo,14.0,0,7
2021,2,perez,10.0,0,8
2021,2,gasly,6.0,0,9
2021,2,stroll,5.0,0,10
2021,2,tsunoda,2.0,0,11
2021,2,ocon,2.0,0,12
2021,2,alonso,1.0,0,13
2021,2,raikkonen,0.0,0,14
2021,2,giovinazzi,0.0,0,15
2021,2,russell,0.0,0,16
2021,2,vettel,0.0,0,17
2021,2,mick_schumacher,0.0,0,18
2021,2,mazepin,0.0,0,19
2021,2,latifi,0.0,0,20
2021,3,hamilton,69.0,2,1
2021,3,max_verstappen,61.0,1,2
2021,3,norris,37.0,0,3
2021,3,bottas,32.0,0,4
2021,3,leclerc,28.0,0,5
2021,3,perez,22.0,0,6
2021,3,ricciardo,16.0,0,7
2021,3,sainz,14.0,0,8
2021,3,ocon,8.0,0,9
2021,3,gasly,7.0,0,10
2021,3,stroll,5.0,0,11
2021,3,alonso,5.0,0,12
2021,3,tsunoda,2.0,0,13
2021,3,raikkonen,0.0,0,14
2021,3,giovinazzi,0.0,0,15
2021,3,vettel,0.0,0,16
2021,3,russell,0.0,0,17
2021,3,mick_schumacher,0.0,0,18
2021,3,mazepin,0.0,0,19
2021,3,latifi,0.0,0,20
2021,4,hamilton,94.0,3,1
2021,4,max_verstappen,80.0,1,2
2021,4,bottas,47.0,0,3
2021,4,norris,41.0,0,4
2021,4,leclerc,40.0,0,5
2021,4,perez,32.0,0,6
2021,4,ricciardo,24.0,0,7
2021,4,sainz,20.0,0,8
2021,4,ocon,10.0,0,9
2021,4,gasly,8.0,0,10
2021,4,stroll,5.0,0,11
2021,4,alonso,5.0,0,12
2021,4,tsunoda,2.0,0,13
2021,4,raikkonen,0.0,0,14
2021,4,giovinazzi,0.0,0,15
2021,4,vettel,0.0,0,16
2021,4,russell,0.0,0,17
2021,4,mick_schumacher,0.0,0,18
2021,4,latifi,0.0,0,19
2021,4,mazepin,0.0,0,20
2021,5,max_verstappen,105.0,2,1
2021,5,hamilton,101.0,3,2
2021,5,norris,56.0,0,3
2021,5,bottas,47.0,0,4
2021,5,perez,44.0,0,5
2021,5,leclerc,40.0,0,6
2021,5,sainz,38.0,0,7
2021,5,ricciardo,24.0,0,8
2021,5,gasly,16.0,0,9
2021,5,ocon,12.0,0,10
2021,5,vettel,10.0,0,11
2021,5,stroll,9.0,0,12
2021,5,alonso,5.0,0,13
2021,5,tsunoda,2.0,0,14
2021,5,giovinazzi,1.0,0,15
2021,5,raikkonen,0.0,0,16
2021,5,russell,0.0,0,17
2021,5,latifi,0.0,0,18
2021,5,mick_schumacher,0.0,0,19
2021,5,mazepin,0.0,0,20
2021,6,max_verstappen,105.0,2,1
2021,6,hamilton,101.0,3,2
2021,6,perez,69.0,1,3
2021,6,norris,66.0,0,4
2021,6,leclerc,52.0,0,5
2021,6,bottas,47.0,0,6
2021,6,sainz,42.0,0,7
2021,6,gasly,31.0,0,8
2021,6,vettel,28.0,0,9
2021,6,ricciardo,26.0,0,10
2021,6,alonso,13.0,0,11
2021,6,ocon,12.0,0,12
2021,6,stroll,9.0,0,13
2021,6,tsunoda,8.0,0,14
2021,6,raikkonen,1.0,0,15
2021,6,giovinazzi,1.0,0,16
2021,6,mick_schumacher,0.0,0,17
2021,6,russell,0.0,0,18
2021,6,mazepin,0.0,0,19
2021,6,latifi,0.0,0,20
2021,7,max_verstappen,131.0,3,1
2021,7,hamilton,119.0,3,2
2021,7,perez,84.0,1,3
2021,7,norris,76.0,0,4
2021,7,bottas,59.0,0,5
2021,7,leclerc,52.0,0,6
2021,7,sainz,42.0,0,7
2021,7,gasly,37.0,0,8
2021,7,ricciardo,34.0,0,9
2021,7,vettel,30.0,0,10
2021,7,alonso,17.0,0,11
2021,7,ocon,12.0,0,12
2021,7,stroll,10.0,0,13
2021,7,tsunoda,8.0,0,14
2021,7,raikkonen,1.0,0,15
2021,7,giovinazzi,1.0,0,16
2021,7,russell,0.0,0,17
2021,7,mick_schumacher,0.0,0,18
2021,7,mazepin,0.0,0,19
2021,7,latifi,0.0,0,20
2021,8,max_verstappen,156.0,4,1
2021,8,hamilton,138.0,3,2
2021,8,perez,96.0,1,3
2021,8,norris,86.0,0,4
2021,8,bottas,74.0,0,5
2021,8,leclerc,58.0,0,6
2021,8,sainz,50.0,0,7
2021,8,gasly,37.0,0,8
2021,8,ricciardo,34.0,0,9
2021,8,vettel,30.0,0,10
2021,8,alonso,19.0,0,11
2021,8,stroll,14.0,0,12
2021,8,ocon,12.0,0,13
2021,8,tsunoda,9.0,0,14
2021,8,raikkonen,1.0,0,15
2021,8,giovinazzi,1.0,0,16
2021,8,russell,0.0,0,17
2021,8,mick_schumacher,0.0,0,18
2021,8,mazepin,0.0,0,19
2021,8,latifi,0.0,0,20
2021,9,max_verstappen,182.0,5,1
2021,9,hamilton,150.0,3,2
2021,9,perez,104.0,1,3
2021,9,norris,101.0,0,4
2021,9,bottas,92.0,0,5
2021,9,leclerc,62.0,0,6
2021,9,sainz,60.0,0,7
2021,9,ricciardo,40.0,0,8
2021,9,gasly,39.0,0,9
2021,9,vettel,30.0,0,10
2021,9,alonso,20.0,0,11
2021,9,stroll,14.0,0,12
2021,9,ocon,12.0,0,13
2021,9,tsunoda,9.0,0,14
2021,9,raikkonen,1.0,0,15
2021,9,giovinazzi,1.0,0,16
2021,9,russell,0.0,0,17
2021,9,mick_schumacher,0.0,0,18
2021,9,mazepin,0.0,0,19
2021,9,latifi,0.0,0,20
2021,10,max_verstappen,185.0,5,1
2021,10,hamilton,177.0,4,2
2021,10,norris,113.0,0,3
2021,10,bottas,108.0,0,4
2021,10,perez,104.0,1,5
2021,10,leclerc,80.0,0,6
2021,10,sainz,68.0,0,7
2021,10,ricciardo,50.0,0,8
2021,10,gasly,39.0,0,9
2021,10,vettel,30.0,0,10
2021,10,alonso,26.0,0,11
2021,10,stroll,18.0,0,12
2021,10,ocon,14.0,0,13
2021,10,tsunoda,10.0,0,14
2021,10,raikkonen,1.0,0,15
2021,10,giovinazzi,1.0,0,16
2021,10,russell,0.0,0,17
2021,10,mick_schumacher,0.0,0,18
2021,10,latifi,0.0,0,19
2021,10,mazepin,0.0,0,20
2021,11,hamilton,195.0,4,1
2021,11,max_verstappen,187.0,5,2
2021,11,norris,113.0,0,3
2021,11,bottas,108.0,0,4
2021,11,perez,104.0,1,5
2021,11,sainz,83.0,0,6
2021,11,leclerc,80.0,0,7
2021,11,gasly,50.0,0,8
2021,11,ricciardo,50.0,0,9
2021,11,ocon,39.0,1,10
2021,11,alonso,38.0,0,11
2021,11,vettel,30.0,0,12
2021,11,tsunoda,18.0,0,13
2021,11,stroll,18.0,0,14
2021,11,latifi,6.0,0,15
2021,11,russell,4.0,0,16
2021,11,raikkonen,2.0,0,17
2021,11,giovinazzi,1.0,0,18
2021,11,mick_schumacher,0.0,0,19
2021,11,mazepin,0.0,0,20
2021,12,hamilton,,4,1
2021,12,max_verstappen,,6,2
2021,12,norris,113.0,0,3
2021,12,bottas,108.0,0,4
2021,12,perez,104.0,1,5
2021,12,sainz,,0,6
2021,12,leclerc,82.0,0,7
2021,12,ricciardo,56.0,0,8
2021,12,gasly,54.0,0,9
2021,12,ocon,42.0,1,10
2021,12,alonso,38.0,0,11
2021,12,vettel,35.0,0,12
2021,12,tsunoda,18.0,0,13
2021,12,stroll,18.0,0,14
2021,12,russell,13.0,0,15
2021,12,latifi,7.0,0,16
2021,12,raikkonen,2.0,0,17
2021,12,giovinazzi,1.0,0,18
2021,12,mick_schumacher,0.0,0,19
2021,12,mazepin,0.0,0,20
2021,13,max_verstappen,,7,1
2021,13,hamilton,,4,2
2021,13,bottas,123.0,0,3
2021,13,norris,114.0,0,4
2021,13,perez,108.0,1,5
2021,13,leclerc,92.0,0,6
2021,13,sainz,,0,7
2021,13,gasly,66.0,0,8
2021,13,ricciardo,56.0,0,9
2021,13,alonso,46.0,0,10
2021,13,ocon,44.0,1,11
2021,13,vettel,35.0,0,12
2021,13,tsunoda,18.0,0,13
2021,13,stroll,18.0,0,14
2021,13,russell,13.0,0,15
2021,13,latifi,7.0,0,16
2021,13,raikkonen,2.0,0,17
2021,13,giovinazzi,1.0,0,18
2021,13,mick_schumacher,0.0,0,19
2021,13,mazepin,0.0,0,20
2021,13,kubica,0.0,0,21
2021,14,max_verstappen,,7,1
2021,14,hamilton,,4,2
2021,14,bottas,141.0,0,3
2021,14,norris,132.0,0,4
2021,14,perez,118.0,1,5
2021,14,leclerc,104.0,0,6
2021,14,sainz,,0,7
2021,14,ricciardo,83.0,1,8
2021,14,gasly,66.0,0,9
2021,14,alonso,50.0,0,10
2021,14,ocon,45.0,1,11
2021,14,vettel,35.0,0,12
2021,14,stroll,24.0,0,13
2021,14,tsunoda,18.0,0,14
2021,14,russell,15.0,0,15
2021,14,latifi,7.0,0,16
2021,14,raikkonen,2.0,0,17
2021,14,giovinazzi,1.0,0,18
2021,14,mick_schumacher,0.0,0,19
2021,14,kubica,0.0,0,20
2021,14,mazepin,0.0,0,21
2021,15,hamilton,,5,1
2021,15,max_verstappen,,7,2
2021,15,bottas,151.0,0,3
2021,15,norris,139.0,0,4
2021,15,perez,120.0,1,5
2021,15,sainz,,0,6
2021,15,leclerc,104.0,0,7
2021,15,ricciardo,95.0,1,8
2021,15,gasly,66.0,0,9
2021,15,alonso,58.0,0,10
2021,15,ocon,45.0,1,11
2021,15,vettel,35.0,0,12
2021,15,stroll,24.0,0,13
2021,15,tsunoda,18.0,0,14
2021,15,russell,16.0,0,15
2021,15,latifi,7.0,0,16
2021,15,raikkonen,6.0,0,17
2021,15,giovinazzi,1.0,0,18
2021,15,mick_schumacher,0.0,0,19
2021,15,kubica,0.0,0,20
2021,15,mazepin,0.0,0,21
2021,16,max_verstappen,,7,1
2021,16,hamilton,,5,2
2021,16,bottas,177.0,1,3
2021,16,norris,145.0,0,4
2021,16,perez,135.0,1,5
2021,16,sainz,,0,6
2021,16,leclerc,116.0,0,7
2021,16,ricciardo,95.0,1,8
2021,16,gasly,74.0,0,9
2021,16,alonso,58.0,0,10
2021,16,ocon,46.0,1,11
2021,16,vettel,35.0,0,12
2021,16,stroll,26.0,0,13
2021,16,tsunoda,18.0,0,14
2021,16,russell,16.0,0,15
2021,16,latifi,7.0,0,16
2021,16,raikkonen,6.0,0,17
2021,16,giovinazzi,1.0,0,18
2021,16,mick_schumacher,0.0,0,19
2021,16,kubica,0.0,0,20
2021,16,mazepin,0.0,0,21
2021,17,max_verstappen,,8,1
2021,17,hamilton,,5,2
2021,17,bottas,185.0,1,3
2021,17,perez,150.0,1,4
2021,17,norris,149.0,0,5
2021,17,leclerc,128.0,0,6
2021,17,sainz,,0,7
2021,17,ricciardo,105.0,1,8
2021,17,gasly,74.0,0,9
2021,17,alonso,58.0,0,10
2021,17,ocon,46.0,1,11
2021,17,vettel,36.0,0,12
2021,17,stroll,26.0,0,13
2021,17,tsunoda,20.0,0,14
2021,17,russell,16.0,0,15
2021,17,latifi,7.0,0,16
2021,17,raikkonen,6.0,0,17
2021,17,giovinazzi,1.0,0,18
2021,17,mick_schumacher,0.0,0,19
2021,17,kubica,0.0,0,20
2021,17,mazepin,0.0,0,21
2021,18,max_verstappen,,9,1
2021,18,hamilton,,5,2
2021,18,bottas,185.0,1,3
2021,18,perez,165.0,1,4
2021,18,norris,150.0,0,5
2021,18,leclerc,138.0,0,6
2021,18,sainz,,0,7
2021,18,ricciardo,105.0,1,8
2021,18,gasly,86.0,0,9
2021,18,alonso,60.0,0,10
2021,18,ocon,46.0,1,11
2021,18,vettel,42.0,0,12
2021,18,stroll,26.0,0,13
2021,18,tsunoda,20.0,0,14
2021,18,russell,16.0,0,15
2021,18,raikkonen,10.0,0,16
2021,18,latifi,7.0,0,17
2021,18,giovinazzi,1.0,0,18
2021,18,mick_schumacher,0.0,0,19
2021,18,kubica,0.0,0,20
2021,18,mazepin,0.0,0,21
2021,19,max_verstappen,,9,1
2021,19,hamilton,,6,2
2021,19,bottas,203.0,1,3
2021,19,perez,178.0,1,4
2021,19,norris,151.0,0,5
2021,19,leclerc,148.0,0,6
2021,19,sainz,,0,7
2021,19,ricciardo,105.0,1,8
2021,19,gasly,92.0,0,9
2021,19,alonso,62.0,0,10
2021,19,ocon,50.0,1,11
2021,19,vettel,42.0,0,12
2021,19,stroll,26.0,0,13
2021,19,tsunoda,20.0,0,14
2021,19,russell,16.0,0,15
2021,19,raikkonen,10.0,0,16
2021,19,latifi,7.0,0,17
2021,19,giovinazzi,1.0,0,18
2021,19,mick_schumacher,0.0,0,19
2021,19,kubica,0.0,0,20
2021,19,mazepin,0.0,0,21
2021,20,max_verstappen,,9,1
2021,20,hamilton,,7,2
2021,20,bottas,203.0,1,3
2021,20,perez,190.0,1,4
2021,20,norris,153.0,0,5
2021,20,leclerc,152.0,0,6
2021,20,sainz,,0,7
2021,20,ricciardo,105.0,1,8
2021,20,gasly,92.0,0,9
2021,20,alonso,77.0,0,10
2021,20,ocon,60.0,1,11
2021,20,vettel,43.0,0,12
2021,20,stroll,34.0,0,13
2021,20,tsunoda,20.0,0,14
2021,20,russell,16.0,0,15
2021,20,raikkonen,10.0,0,16
2021,20,latifi,7.0,0,17
2021,20,giovinazzi,1.0,0,18
2021,20,mick_schumacher,0.0,0,19
2021,20,kubica,0.0,0,20
2021,20,mazepin,0.0,0,21
2021,21,max_verstappen,,9,1
2021,21,hamilton,,8,2
2021,21,bottas,218.0,1,3
2021,21,perez,190.0,1,4
2021,21,leclerc,158.0,0,5
2021,21,norris,154.0,0,6
2021,21,sainz,,0,7
2021,21,ricciardo,115.0,1,8
2021,21,gasly,100.0,0,9
2021,21,alonso,77.0,0,10
2021,21,ocon,72.0,1,11
2021,21,vettel,43.0,0,12
2021,21,stroll,34.0,0,13
2021,21,tsunoda,20.0,0,14
2021,21,russell,16.0,0,15
2021,21,raikkonen,10.0,0,16
2021,21,latifi,7.0,0,17
2021,21,giovinazzi,3.0,0,18
2021,21,mick_schumacher,0.0,0,19
2021,21,kubica,0.0,0,20
2021,21,mazepin,0.0,0,21
2021,22,max_verstappen,,10,1
2021,22,hamilton,,8,2
2021,22,bottas,226.0,1,3
2021,22,perez,190.0,1,4
2021,22,sainz,,0,5
2021,22,norris,160.0,0,6
2021,22,leclerc,159.0,0,7
2021,22,ricciardo,115.0,1,8
2021,22,gasly,110.0,0,9
2021,22,alonso,81.0,0,10
2021,22,ocon,74.0,1,11
2021,22,vettel,43.0,0,12
2021,22,stroll,34.0,0,13
2021,22,tsunoda,32.0,0,14
2021,22,russell,16.0,0,15
2021,22,raikkonen,10.0,0,16
2021,22,latifi,7.0,0,17
2021,22,giovinazzi,3.0,0,18
2021,22,mick_schumacher,0.0,0,19
2021,22,kubica,0.0,0,20
2021,22,mazepin,0.0,0,21
2022,1,leclerc,26.0,1,1
2022,1,sainz,18.0,0,2
2022,1,hamilton,15.0,0,3
2022,1,russell,12.0,0,4
2022,1,kevin_magnussen,10.0,0,5
2022,1,bottas,8.0,0,6
2022,1,ocon,6.0,0,7
2022,1,tsunoda,4.0,0,8
2022,1,alonso,2.0,0,9
2022,1,zhou,1.0,0,10
2022,1,mick_schumacher,0.0,0,11
2022,1,stroll,0.0,0,12
2022,1,albon,0.0,0,13
2022,1,ricciardo,0.0,0,14
2022,1,norris,0.0,0,15
2022,1,latifi,0.0,0,16
2022,1,hulkenberg,0.0,0,17
2022,1,perez,0.0,0,18
2022,1,max_verstappen,0.0,0,19
2022,1,gasly,0.0,0,20
2022,2,leclerc,45.0,1,1
2022,2,sainz,33.0,0,2
2022,2,max_verstappen,25.0,1,3
2022,2,russell,22.0,0,4
2022,2,hamilton,16.0,0,5
2022,2,ocon,14.0,0,6
2022,2,perez,12.0,0,7
2022,2,kevin_magnussen,12.0,0,8
2022,2,bottas,8.0,0,9
2022,2,norris,6.0,0,10
2022,2,tsunoda,4.0,0,11
2022,2,gasly,4.0,0,12
2022,2,alonso,2.0,0,13
2022,2,zhou,1.0,0,14
2022,2,mick_schumacher,0.0,0,15
2022,2,stroll,0.0,0,16
2022,2,hulkenberg,0.0,0,17
2022,2,albon,0.0,0,18
2022,2,ricciardo,0.0,0,19
2022,2,latifi,0.0,0,20
2022,3,leclerc,71.0,2,1
2022,3,russell,37.0,0,2
2022,3,sainz,33.0,0,3
2022,3,perez,30.0,0,4
2022,3,hamilton,28.0,0,5
2022,3,max_verstappen,25.0,1,6
2022,3,ocon,20.0,0,7
2022,3,norris,16.0,0,8
2022,3,kevin_magnussen,12.0,0,9
2022,3,bottas,12.0,0,10
2022,3,ricciardo,8.0,0,11
2022,3,gasly,6.0,0,12
2022,3,tsunoda,4.0,0,13
2022,3,alonso,2.0,0,14
2022,3,zhou,1.0,0,15
2022,3,albon,1.0,0,16
2022,3,mick_schumacher,0.0,0,17
2022,3,stroll,0.0,0,18
2022,3,hulkenberg,0.0,0,19
2022,3,latifi,0.0,0,20
2022,3,vettel,0.0,0,21
2022,4,leclerc,86.0,2,1
2022,4,max_verstappen,59.0,2,2
2022,4,perez,54.0,0,3
2022,4,russell,49.0,0,4
2022,4,sainz,38.0,0,5
2022,4,norris,35.0,0,6
2022,4,hamilton,28.0,0,7
2022,4,bottas,24.0,0,8
2022,4,ocon,20.0,0,9
2022,4,kevin_magnussen,15.0,0,10
2022,4,ricciardo,11.0,0,11
2022,4,tsunoda,10.0,0,12
2022,4,gasly,6.0,0,13
2022,4,vettel,4.0,0,14
2022,4,alonso,2.0,0,15
2022,4,zhou,1.0,0,16
2022,4,albon,1.0,0,17
2022,4,stroll,1.0,0,18
2022,4,mick_schumacher,0.0,0,19
2022,4,hulkenberg,0.0,0,20
2022,4,latifi,0.0,0,21
2022,5,leclerc,104.0,2,1
2022,5,max_verstappen,85.0,3,2
2022,5,perez,66.0,0,3
2022,5,russell,59.0,0,4
2022,5,sainz,53.0,0,5
2022,5,hamilton,36.0,0,6
2022,5,norris,35.0,0,7
2022,5,bottas,30.0,0,8
2022,5,ocon,24.0,0,9
2022,5,kevin_magnussen,15.0,0,10
2022,5,ricciardo,11.0,0,11
2022,5,tsunoda,10.0,0,12
2022,5,gasly,6.0,0,13
2022,5,vettel,4.0,0,14
2022,5,albon,3.0,0,15
2022,5,alonso,2.0,0,16
2022,5,stroll,2.0,0,17
2022,5,zhou,1.0,0,18
2022,5,mick_schumacher,0.0,0,19
2022,5,hulkenberg,0.0,0,20
2022,5,latifi,0.0,0,21
2022,6,max_verstappen,110.0,4,1
2022,6,leclerc,104.0,2,2
2022,6,perez,85.0,0,3
2022,6,russell,74.0,0,4
2022,6,sainz,65.0,0,5
2022,6,hamilton,46.0,0,6
2022,6,norris,39.0,0,7
2022,6,bottas,38.0,0,8
2022,6,ocon,30.0,0,9
2022,6,kevin_magnussen,15.0,0,10
2022,6,tsunoda,11.0,0,11
2022,6,ricciardo,11.0,0,12
2022,6,gasly,6.0,0,13
2022,6,vettel,4.0,0,14
2022,6,alonso,4.0,0,15
2022,6,albon,3.0,0,16
2022,6,stroll,2.0,0,17
2022,6,zhou,1.0,0,18
2022,6,mick_schumacher,0.0,0,19
2022,6,hulkenberg,0.0,0,20
2022,6,latifi,0.0,0,21
2022,7,max_verstappen,125.0,4,1
2022,7,leclerc,116.0,2,2
2022,7,perez,110.0,1,3
2022,7,russell,84.0,0,4
2022,7,sainz,83.0,0,5
2022,7,hamilton,50.0,0,6
2022,7,norris,48.0,0,7
2022,7,bottas,40.0,0,8
2022,7,ocon,30.0,0,9
2022,7,kevin_magnussen,15.0,0,10
2022,7,ricciardo,11.0,0,11
2022,7,tsunoda,11.0,0,12
2022,7,alonso,10.0,0,13
2022,7,gasly,6.0,0,14
2022,7,vettel,5.0,0,15
2022,7,albon,3.0,0,16
2022,7,stroll,2.0,0,17
2022,7,zhou,1.0,0,18
2022,7,mick_schumacher,0.0,0,19
2022,7,hulkenberg,0.0,0,20
2022,7,latifi,0.0,0,21
2022,8,max_verstappen,150.0,5,1
2022,8,perez,129.0,1,2
2022,8,leclerc,116.0,2,3
2022,8,russell,99.0,0,4
2022,8,sainz,83.0,0,5
2022,8,hamilton,62.0,0,6
2022,8,norris,50.0,0,7
2022,8,bottas,40.0,0,8
2022,8,ocon,31.0,0,9
2022,8,gasly,16.0,0,10
2022,8,alonso,16.0,0,11
2022,8,kevin_magnussen,15.0,0,12
2022,8,ricciardo,15.0,0,13
2022,8,vettel,13.0,0,14
2022,8,tsunoda,11.0,0,15
2022,8,albon,3.0,0,16
2022,8,stroll,2.0,0,17
2022,8,zhou,1.0,0,18
2022,8,mick_schumacher,0.0,0,19
2022,8,hulkenberg,0.0,0,20
2022,8,latifi,0.0,0,21
2022,9,max_verstappen,175.0,6,1
2022,9,perez,129.0,1,2
2022,9,leclerc,126.0,2,3
2022,9,russell,111.0,0,4
2022,9,sainz,102.0,0,5
2022,9,hamilton,77.0,0,6
2022,9,norris,50.0,0,7
2022,9,bottas,46.0,0,8
2022,9,ocon,39.0,0,9
2022,9,alonso,18.0,0,10
2022,9,gasly,16.0,0,11
2022,9,kevin_magnussen,15.0,0,12
2022,9,ricciardo,15.0,0,13
2022,9,vettel,13.0,0,14
2022,9,tsunoda,11.0,0,15
2022,9,zhou,5.0,0,16
2022,9,albon,3.0,0,17
2022,9,stroll,3.0,0,18
2022,9,mick_schumacher,0.0,0,19
2022,9,hulkenberg,0.0,0,20
2022,9,latifi,0.0,0,21
2022,10,max_verstappen,181.0,6,1
2022,10,perez,147.0,1,2
2022,10,leclerc,138.0,2,3
2022,10,sainz,127.0,1,4
2022,10,russell,111.0,0,5
2022,10,hamilton,93.0,0,6
2022,10,norris,58.0,0,7
2022,10,bottas,46.0,0,8
2022,10,ocon,39.0,0,9
2022,10,alonso,28.0,0,10
2022,10,gasly,16.0,0,11
2022,10,kevin_magnussen,16.0,0,12
2022,10,vettel,15.0,0,13
2022,10,ricciardo,15.0,0,14
2022,10,tsunoda,11.0,0,15
2022,10,zhou,5.0,0,16
2022,10,mick_schumacher,4.0,0,17
2022,10,albon,3.0,0,18
2022,10,stroll,3.0,0,19
2022,10,latifi,0.0,0,20
2022,10,hulkenberg,0.0,0,21
2022,11,max_verstappen,208.0,6,1
2022,11,leclerc,170.0,3,2
2022,11,perez,151.0,1,3
2022,11,sainz,133.0,1,4
2022,11,russell,128.0,0,5
2022,11,hamilton,109.0,0,6
2022,11,norris,64.0,0,7
2022,11,ocon,52.0,0,8
2022,11,bottas,46.0,0,9
2022,11,alonso,29.0,0,10
2022,11,kevin_magnussen,22.0,0,11
2022,11,ricciardo,17.0,0,12
2022,11,gasly,16.0,0,13
2022,11,vettel,15.0,0,14
2022,11,mick_schumacher,12.0,0,15
2022,11,tsunoda,11.0,0,16
2022,11,zhou,5.0,0,17
2022,11,albon,3.0,0,18
2022,11,stroll,3.0,0,19
2022,11,latifi,0.0,0,20
2022,11,hulkenberg,0.0,0,21
2022,12,max_verstappen,233.0,7,1
2022,12,leclerc,170.0,3,2
2022,12,perez,163.0,1,3
2022,12,sainz,144.0,1,4
2022,12,russell,143.0,0,5
2022,12,hamilton,127.0,0,6
2022,12,norris,70.0,0,7
2022,12,ocon,56.0,0,8
2022,12,bottas,46.0,0,9
2022,12,alonso,37.0,0,10
2022,12,kevin_magnussen,22.0,0,11
2022,12,ricciardo,19.0,0,12
2022,12,gasly,16.0,0,13
2022,12,vettel,15.0,0,14
2022,12,mick_schumacher,12.0,0,15
2022,12,tsunoda,11.0,0,16
2022,12,zhou,5.0,0,17
2022,12,stroll,4.0,0,18
2022,12,albon,3.0,0,19
2022,12,latifi,0.0,0,20
2022,12,hulkenberg,0.0,0,21
2022,13,max_verstappen,258.0,8,1
2022,13,leclerc,178.0,3,2
2022,13,perez,173.0,1,3
2022,13,russell,158.0,0,4
2022,13,sainz,156.0,1,5
2022,13,hamilton,146.0,0,6
2022,13,norris,76.0,0,7
2022,13,ocon,58.0,0,8
2022,13,bottas,46.0,0,9
2022,13,alonso,41.0,0,10
2022,13,kevin_magnussen,22.0,0,11
2022,13,ricciardo,19.0,0,12
2022,13,gasly,16.0,0,13
2022,13,vettel,16.0,0,14
2022,13,mick_schumacher,12.0,0,15
2022,13,tsunoda,11.0,0,16
2022,13,zhou,5.0,0,17
2022,13,stroll,4.0,0,18
2022,13,albon,3.0,0,19
2022,13,latifi,0.0,0,20
2022,13,hulkenberg,0.0,0,21
2022,14,max_verstappen,284.0,9,1
2022,14,perez,191.0,1,2
2022,14,leclerc,186.0,3,3
2022,14,sainz,171.0,1,4
2022,14,russell,170.0,0,5
2022,14,hamilton,146.0,0,6
2022,14,norris,76.0,0,7
2022,14,ocon,64.0,0,8
2022,14,alonso,51.0,0,9
2022,14,bottas,46.0,0,10
2022,14,kevin_magnussen,22.0,0,11
2022,14,vettel,20.0,0,12
2022,14,ricciardo,19.0,0,13
2022,14,gasly,18.0,0,14
2022,14,mick_schumacher,12.0,0,15
2022,14,tsunoda,11.0,0,16
2022,14,zhou,5.0,0,17
2022,14,albon,4.0,0,18
2022,14,stroll,4.0,0,19
2022,14,latifi,0.0,0,20
2022,14,hulkenberg,0.0,0,21
2022,15,max_verstappen,310.0,10,1
2022,15,leclerc,201.0,3,2
2022,15,perez,201.0,1,3
2022,15,russell,188.0,0,4
2022,15,sainz,175.0,1,5
2022,15,hamilton,158.0,0,6
2022,15,norris,82.0,0,7
2022,15,ocon,66.0,0,8
2022,15,alonso,59.0,0,9
2022,15,bottas,46.0,0,10
2022,15,kevin_magnussen,22.0,0,11
2022,15,vettel,20.0,0,12
2022,15,ricciardo,19.0,0,13
2022,15,gasly,18.0,0,14
2022,15,mick_schumacher,12.0,0,15
2022,15,tsunoda,11.0,0,16
2022,15,zhou,5.0,0,17
2022,15,stroll,5.0,0,18
2022,15,albon,4.0,0,19
2022,15,latifi,0.0,0,20
2022,15,hulkenberg,0.0,0,21
2022,16,max_verstappen,335.0,11,1
2022,16,leclerc,219.0,3,2
2022,16,perez,210.0,1,3
2022,16,russell,203.0,0,4
2022,16,sainz,187.0,1,5
2022,16,hamilton,168.0,0,6
2022,16,norris,88.0,0,7
2022,16,ocon,66.0,0,8
2022,16,alonso,59.0,0,9
2022,16,bottas,46.0,0,10
2022,16,gasly,22.0,0,11
2022,16,kevin_magnussen,22.0,0,12
2022,16,vettel,20.0,0,13
2022,16,ricciardo,19.0,0,14
2022,16,mick_schumacher,12.0,0,15
2022,16,tsunoda,11.0,0,16
2022,16,zhou,6.0,0,17
2022,16,stroll,5.0,0,18
2022,16,albon,4.0,0,19
2022,16,de_vries,2.0,0,20
2022,16,latifi,0.0,0,21
2022,16,hulkenberg,0.0,0,22
2022,17,max_verstappen,341.0,11,1
2022,17,leclerc,237.0,3,2
2022,17,perez,235.0,2,3
2022,17,russell,203.0,0,4
2022,17,sainz,202.0,1,5
2022,17,hamilton,170.0,0,6
2022,17,norris,100.0,0,7
2022,17,ocon,66.0,0,8
2022,17,alonso,59.0,0,9
2022,17,bottas,46.0,0,10
2022,17,ricciardo,29.0,0,11
2022,17,vettel,24.0,0,12
2022,17,gasly,23.0,0,13
2022,17,kevin_magnussen,22.0,0,14
2022,17,stroll,13.0,0,15
2022,17,mick_schumacher,12.0,0,16
2022,17,tsunoda,11.0,0,17
2022,17,zhou,6.0,0,18
2022,17,albon,4.0,0,19
2022,17,de_vries,2.0,0,20
2022,17,latifi,0.0,0,21
2022,17,hulkenberg,0.0,0,22
2022,18,max_verstappen,366.0,12,1
2022,18,perez,253.0,2,2
2022,18,leclerc,252.0,3,3
2022,18,russell,207.0,0,4
2022,18,sainz,202.0,1,5
2022,18,hamilton,180.0,0,6
2022,18,norris,101.0,0,7
2022,18,ocon,78.0,0,8
2022,18,alonso,65.0,0,9
2022,18,bottas,46.0,0,10
2022,18,vettel,32.0,0,11
2022,18,ricciardo,29.0,0,12
2022,18,gasly,23.0,0,13
2022,18,kevin_magnussen,22.0,0,14
2022,18,stroll,13.0,0,15
2022,18,mick_schumacher,12.0,0,16
2022,18,tsunoda,11.0,0,17
2022,18,zhou,6.0,0,18
2022,18,albon,4.0,0,19
2022,18,latifi,2.0,0,20
2022,18,de_vries,2.0,0,21
2022,18,hulkenberg,0.0,0,22
2022,19,max_verstappen,391.0,13,1
2022,19,leclerc,267.0,3,2
2022,19,perez,265.0,2,3
2022,19,russell,218.0,0,4
2022,19,sainz,202.0,1,5
2022,19,hamilton,198.0,0,6
2022,19,norris,109.0,0,7
2022,19,ocon,78.0,0,8
2022,19,alonso,71.0,0,9
2022,19,bottas,46.0,0,10
2022,19,vettel,36.0,0,11
2022,19,ricciardo,29.0,0,12
2022,19,kevin_magnussen,24.0,0,13
2022,19,gasly,23.0,0,14
2022,19,stroll,13.0,0,15
2022,19,mick_schumacher,12.0,0,16
2022,19,tsunoda,12.0,0,17
2022,19,zhou,6.0,0,18
2022,19,albon,4.0,0,19
2022,19,latifi,2.0,0,20
2022,19,de_vries,2.0,0,21
2022,19,hulkenberg,0.0,0,22
2022,20,max_verstappen,416.0,14,1
2022,20,perez,280.0,2,2
2022,20,leclerc,275.0,3,3
2022,20,russell,231.0,0,4
2022,20,hamilton,216.0,0,5
2022,20,sainz,212.0,1,6
2022,20,norris,111.0,0,7
2022,20,ocon,82.0,0,8
2022,20,alonso,71.0,0,9
2022,20,bottas,47.0,0,10
2022,20,vettel,36.0,0,11
2022,20,ricciardo,35.0,0,12
2022,20,kevin_magnussen,24.0,0,13
2022,20,gasly,23.0,0,14
2022,20,stroll,13.0,0,15
2022,20,mick_schumacher,12.0,0,16
2022,20,tsunoda,12.0,0,17
2022,20,zhou,6.0,0,18
2022,20,albon,4.0,0,19
2022,20,latifi,2.0,0,20
2022,20,de_vries,2.0,0,21
2022,20,hulkenberg,0.0,0,22
2022,21,max_verstappen,429.0,14,1
2022,21,leclerc,290.0,3,2
2022,21,perez,290.0,2,3
2022,21,russell,265.0,1,4
2022,21,hamilton,240.0,0,5
2022,21,sainz,234.0,1,6
2022,21,norris,113.0,0,7
2022,21,ocon,86.0,0,8
2022,21,alonso,81.0,0,9
2022,21,bottas,49.0,0,10
2022,21,vettel,36.0,0,11
2022,21,ricciardo,35.0,0,12
2022,21,kevin_magnussen,25.0,0,13
2022,21,gasly,23.0,0,14
2022,21,stroll,14.0,0,15
2022,21,mick_schumacher,12.0,0,16
2022,21,tsunoda,12.0,0,17
2022,21,zhou,6.0,0,18
2022,21,albon,4.0,0,19
2022,21,latifi,2.0,0,20
2022,21,de_vries,2.0,0,21
2022,21,hulkenberg,0.0,0,22
2022,22,max_verstappen,454.0,15,1
2022,22,leclerc,308.0,3,2
2022,22,perez,305.0,2,3
2022,22,russell,275.0,1,4
2022,22,sainz,246.0,1,5
2022,22,hamilton,240.0,0,6
2022,22,norris,122.0,0,7
2022,22,ocon,92.0,0,8
2022,22,alonso,81.0,0,9
2022,22,bottas,49.0,0,10
2022,22,ricciardo,37.0,0,11
2022,22,vettel,37.0,0,12
2022,22,kevin_magnussen,25.0,0,13
2022,22,gasly,23.0,0,14
2022,22,stroll,18.0,0,15
2022,22,mick_schumacher,12.0,0,16
2022,22,tsunoda,12.0,0,17
2022,22,zhou,6.0,0,18
2022,22,albon,4.0,0,19
2022,22,latifi,2.0,0,20
2022,22,de_vries,2.0,0,21
2022,22,hulkenberg,0.0,0,22
2023,1,max_verstappen,25.0,1,1
2023,1,perez,18.0,0,2
2023,1,alonso,15.0,0,3
2023,1,sainz,12.0,0,4
2023,1,hamilton,10.0,0,5
2023,1,stroll,8.0,0,6
2023,1,russell,6.0,0,7
2023,1,bottas,4.0,0,8
2023,1,gasly,2.0,0,9
2023,1,albon,1.0,0,10
2023,1,tsunoda,0.0,0,11
2023,1,sargeant,0.0,0,12
2023,1,kevin_magnussen,0.0,0,13
2023,1,de_vries,0.0,0,14
2023,1,hulkenberg,0.0,0,15
2023,1,zhou,0.0,0,16
2023,1,norris,0.0,0,17
2023,1,ocon,0.0,0,18
2023,1,leclerc,0.0,0,19
2023,1,piastri,0.0,0,20
2023,2,max_verstappen,44.0,1,1
2023,2,perez,43.0,1,2
2023,2,alonso,30.0,0,3
2023,2,sainz,20.0,0,4
2023,2,hamilton,20.0,0,5
2023,2,russell,18.0,0,6
2023,2,stroll,8.0,0,7
2023,2,leclerc,6.0,0,8
2023,2,bottas,4.0,0,9
2023,2,ocon,4.0,0,10
2023,2,gasly,4.0,0,11
2023,2,kevin_magnussen,1.0,0,12
2023,2,albon,1.0,0,13
2023,2,tsunoda,0.0,0,14
2023,2,hulkenberg,0.0,0,15
2023,2,sargeant,0.0,0,16
2023,2,zhou,0.0,0,17
2023,2,de_vries,0.0,0,18
2023,2,piastri,0.0,0,19
2023,2,norris,0.0,0,20
2023,3,max_verstappen,69.0,2,1
2023,3,perez,54.0,1,2
2023,3,alonso,45.0,0,3
2023,3,hamilton,38.0,0,4
2023,3,sainz,20.0,0,5
2023,3,stroll,20.0,0,6
2023,3,russell,18.0,0,7
2023,3,norris,8.0,0,8
2023,3,hulkenberg,6.0,0,9
2023,3,leclerc,6.0,0,10
2023,3,bottas,4.0,0,11
2023,3,ocon,4.0,0,12
2023,3,piastri,4.0,0,13
2023,3,gasly,4.0,0,14
2023,3,zhou,2.0,0,15
2023,3,tsunoda,1.0,0,16
2023,3,kevin_magnussen,1.0,0,17
2023,3,albon,1.0,0,18
2023,3,sargeant,0.0,0,19
2023,3,de_vries,0.0,0,20
2023,4,max_verstappen,93.0,2,1
2023,4,perez,87.0,2,2
2023,4,alonso,60.0,0,3
2023,4,hamilton,48.0,0,4
2023,4,sainz,34.0,0,5
2023,4,leclerc,28.0,0,6
2023,4,russell,28.0,0,7
2023,4,stroll,27.0,0,8
2023,4,norris,10.0,0,9
2023,4,hulkenberg,6.0,0,10
2023,4,piastri,4.0,0,11
2023,4,bottas,4.0,0,12
2023,4,ocon,4.0,0,13
2023,4,gasly,4.0,0,14
2023,4,zhou,2.0,0,15
2023,4,tsunoda,2.0,0,16
2023,4,albon,1.0,0,17
2023,4,kevin_magnussen,1.0,0,18
2023,4,sargeant,0.0,0,19
2023,4,de_vries,0.0,0,20
2023,5,max_verstappen,119.0,3,1
2023,5,perez,105.0,2,2
2023,5,alonso,75.0,0,3
2023,5,hamilton,56.0,0,4
2023,5,sainz,44.0,0,5
2023,5,russell,40.0,0,6
2023,5,leclerc,34.0,0,7
2023,5,stroll,27.0,0,8
2023,5,norris,10.0,0,9
2023,5,gasly,8.0,0,10
2023,5,hulkenberg,6.0,0,11
2023,5,ocon,6.0,0,12
2023,5,bottas,4.0,0,13
2023,5,piastri,4.0,0,14
2023,5,zhou,2.0,0,15
2023,5,tsunoda,2.0,0,16
2023,5,kevin_magnussen,2.0,0,17
2023,5,albon,1.0,0,18
2023,5,sargeant,0.0,0,19
2023,5,de_vries,0.0,0,20
2023,6,max_verstappen,144.0,4,1
2023,6,perez,105.0,2,2
2023,6,alonso,93.0,0,3
2023,6,hamilton,69.0,0,4
2023,6,russell,50.0,0,5
2023,6,sainz,48.0,0,6
2023,6,leclerc,42.0,0,7
2023,6,stroll,27.0,0,8
2023,6,ocon,21.0,0,9
2023,6,gasly,14.0,0,10
2023,6,norris,12.0,0,11
2023,6,hulkenberg,6.0,0,12
2023,6,piastri,5.0,0,13
2023,6,bottas,4.0,0,14
2023,6,zhou,2.0,0,15
2023,6,tsunoda,2.0,0,16
2023,6,kevin_magnussen,2.0,0,17
2023,6,albon,1.0,0,18
2023,6,de_vries,0.0,0,19
2023,6,sargeant,0.0,0,20
2023,7,max_verstappen,170.0,5,1
2023,7,perez,117.0,2,2
2023,7,alonso,99.0,0,3
2023,7,hamilton,87.0,0,4
2023,7,russell,65.0,0,5
2023,7,sainz,58.0,0,6
2023,7,leclerc,42.0,0,7
2023,7,stroll,35.0,0,8
2023,7,ocon,25.0,0,9
2023,7,gasly,15.0,0,10
2023,7,norris,12.0,0,11
2023,7,hulkenberg,6.0,0,12
2023,7,piastri,5.0,0,13
2023,7,bottas,4.0,0,14
2023,7,zhou,4.0,0,15
2023,7,tsunoda,2.0,0,16
2023,7,kevin_magnussen,2.0,0,17
2023,7,albon,1.0,0,18
2023,7,de_vries,0.0,0,19
2023,7,sargeant,0.0,0,20
2023,8,max_verstappen,195.0,6,1
2023,8,perez,126.0,2,2
2023,8,alonso,117.0,0,3
2023,8,hamilton,102.0,0,4
2023,8,sainz,68.0,0,5
2023,8,russell,65.0,0,6
2023,8,leclerc,54.0,0,7
2023,8,stroll,37.0,0,8
2023,8,ocon,29.0,0,9
2023,8,gasly,15.0,0,10
2023,8,norris,12.0,0,11
2023,8,albon,7.0,0,12
2023,8,hulkenberg,6.0,0,13
2023,8,piastri,5.0,0,14
2023,8,bottas,5.0,0,15
2023,8,zhou,4.0,0,16
2023,8,tsunoda,2.0,0,17
2023,8,kevin_magnussen,2.0,0,18
2023,8,de_vries,0.0,0,19
2023,8,sargeant,0.0,0,20
2023,9,max_verstappen,229.0,7,1
2023,9,perez,148.0,2,2
2023,9,alonso,131.0,0,3
2023,9,hamilton,106.0,0,4
2023,9,sainz,82.0,0,5
2023,9,leclerc,72.0,0,6
2023,9,russell,72.0,0,7
2023,9,stroll,44.0,0,8
2023,9,ocon,31.0,0,9
2023,9,norris,24.0,0,10
2023,9,gasly,16.0,0,11
2023,9,hulkenberg,9.0,0,12
2023,9,albon,7.0,0,13
2023,9,piastri,5.0,0,14
2023,9,bottas,5.0,0,15
2023,9,zhou,4.0,0,16
2023,9,tsunoda,2.0,0,17
2023,9,kevin_magnussen,2.0,0,18
2023,9,sargeant,0.0,0,19
2023,9,de_vries,0.0,0,20
2023,10,max_verstappen,255.0,8,1
2023,10,perez,156.0,2,2
2023,10,alonso,137.0,0,3
2023,10,hamilton,121.0,0,4
2023,10,sainz,83.0,0,5
2023,10,russell,82.0,0,6
2023,10,leclerc,74.0,0,7
2023,10,stroll,44.0,0,8
2023,10,norris,42.0,0,9
2023,10,ocon,31.0,0,10
2023,10,piastri,17.0,0,11
2023,10,gasly,16.0,0,12
2023,10,albon,11.0,0,13
2023,10,hulkenberg,9.0,0,14
2023,10,bottas,5.0,0,15
2023,10,zhou,4.0,0,16
2023,10,tsunoda,2.0,0,17
2023,10,kevin_magnussen,2.0,0,18
2023,10,sargeant,0.0,0,19
2023,10,de_vries,0.0,0,20
2023,11,max_verstappen,281.0,9,1
2023,11,perez,171.0,2,2
2023,11,alonso,139.0,0,3
2023,11,hamilton,133.0,0,4
2023,11,russell,90.0,0,5
2023,11,sainz,87.0,0,6
2023,11,leclerc,80.0,0,7
2023,11,norris,60.0,0,8
2023,11,stroll,45.0,0,9
2023,11,ocon,31.0,0,10
2023,11,piastri,27.0,0,11
2023,11,gasly,16.0,0,12
2023,11,albon,11.0,0,13
2023,11,hulkenberg,9.0,0,14
2023,11,bottas,5.0,0,15
2023,11,zhou,4.0,0,16
2023,11,tsunoda,2.0,0,17
2023,11,kevin_magnussen,2.0,0,18
2023,11,sargeant,0.0,0,19
2023,11,de_vries,0.0,0,20
2023,11,ricciardo,0.0,0,21
2023,12,max_verstappen,314.0,10,1
2023,12,perez,189.0,2,2
2023,12,alonso,149.0,0,3
2023,12,hamilton,148.0,0,4
2023,12,leclerc,99.0,0,5
2023,12,russell,99.0,0,6
2023,12,sainz,92.0,0,7
2023,12,norris,69.0,0,8
2023,12,stroll,47.0,0,9
2023,12,ocon,35.0,0,10
2023,12,piastri,34.0,0,11
2023,12,gasly,22.0,0,12
2023,12,albon,11.0,0,13
2023,12,hulkenberg,9.0,0,14
2023,12,bottas,5.0,0,15
2023,12,zhou,4.0,0,16
2023,12,tsunoda,3.0,0,17
2023,12,kevin_magnussen,2.0,0,18
2023,12,sargeant,0.0,0,19
2023,12,de_vries,0.0,0,20
2023,12,ricciardo,0.0,0,21
2023,13,max_verstappen,339.0,11,1
2023,13,perez,201.0,2,2
2023,13,alonso,168.0,0,3
2023,13,hamilton,156.0,0,4
2023,13,sainz,102.0,0,5
2023,13,leclerc,99.0,0,6
2023,13,russell,99.0,0,7
2023,13,norris,75.0,0,8
2023,13,stroll,47.0,0,9
2023,13,gasly,37.0,0,10
2023,13,ocon,36.0,0,11
2023,13,piastri,36.0,0,12
2023,13,albon,15.0,0,13
2023,13,hulkenberg,9.0,0,14
2023,13,bottas,5.0,0,15
2023,13,zhou,4.0,0,16
2023,13,tsunoda,3.0,0,17
2023,13,kevin_magnussen,2.0,0,18
2023,13,sargeant,0.0,0,19
2023,13,de_vries,0.0,0,20
2023,13,ricciardo,0.0,0,21
2023,13,lawson,0.0,0,22
2023,14,max_verstappen,364.0,12,1
2023,14,perez,219.0,2,2
2023,14,alonso,170.0,0,3
2023,14,hamilton,164.0,0,4
2023,14,sainz,117.0,0,5
2023,14,leclerc,111.0,0,6
2023,14,russell,109.0,0,7
2023,14,norris,79.0,0,8
2023,14,stroll,47.0,0,9
2023,14,gasly,37.0,0,10
2023,14,ocon,36.0,0,11
2023,14,piastri,36.0,0,12
2023,14,albon,21.0,0,13
2023,14,hulkenberg,9.0,0,14
2023,14,bottas,6.0,0,15
2023,14,zhou,4.0,0,16
2023,14,tsunoda,3.0,0,17
2023,14,kevin_magnussen,2.0,0,18
2023,14,sargeant,0.0,0,19
2023,14,lawson,0.0,0,20
2023,14,de_vries,0.0,0,21
2023,14,ricciardo,0.0,0,22
2023,15,max_verstappen,374.0,12,1
2023,15,perez,223.0,2,2
2023,15,hamilton,180.0,0,3
2023,15,alonso,170.0,0,4
2023,15,sainz,142.0,1,5
2023,15,leclerc,123.0,0,6
2023,15,russell,109.0,0,7
2023,15,norris,97.0,0,8
2023,15,stroll,47.0,0,9
2023,15,gasly,45.0,0,10
2023,15,piastri,42.0,0,11
2023,15,ocon,36.0,0,12
2023,15,albon,21.0,0,13
2023,15,hulkenberg,9.0,0,14
2023,15,bottas,6.0,0,15
2023,15,zhou,4.0,0,16
2023,15,tsunoda,3.0,0,17
2023,15,kevin_magnussen,3.0,0,18
2023,15,lawson,2.0,0,19
2023,15,sargeant,0.0,0,20
2023,15,de_vries,0.0,0,21
2023,15,ricciardo,0.0,0,22
2023,16,max_verstappen,400.0,13,1
2023,16,perez,223.0,2,2
2023,16,hamilton,190.0,0,3
2023,16,alonso,174.0,0,4
2023,16,sainz,150.0,1,5
2023,16,leclerc,135.0,0,6
2023,16,norris,115.0,0,7
2023,16,russell,115.0,0,8
2023,16,piastri,57.0,0,9
2023,16,stroll,47.0,0,10
2023,16,gasly,46.0,0,11
2023,16,ocon,38.0,0,12
2023,16,albon,21.0,0,13
2023,16,hulkenberg,9.0,0,14
2023,16,bottas,6.0,0,15
2023,16,zhou,4.0,0,16
2023,16,tsunoda,3.0,0,17
2023,16,kevin_magnussen,3.0,0,18
2023,16,lawson,2.0,0,19
2023,16,sargeant,0.0,0,20
2023,16,de_vries,0.0,0,21
2023,16,ricciardo,0.0,0,22
2023,17,max_verstappen,433.0,14,1
2023,17,perez,224.0,2,2
2023,17,hamilton,194.0,0,3
2023,17,alonso,183.0,0,4
2023,17,sainz,153.0,1,5
2023,17,leclerc,145.0,0,6
2023,17,norris,136.0,0,7
2023,17,russell,132.0,0,8
2023,17,piastri,83.0,0,9
2023,17,stroll,47.0,0,10
2023,17,gasly,46.0,0,11
2023,17,ocon,44.0,0,12
2023,17,albon,23.0,0,13
2023,17,bottas,10.0,0,14
2023,17,hulkenberg,9.0,0,15
2023,17,zhou,6.0,0,16
2023,17,tsunoda,3.0,0,17
2023,17,kevin_magnussen,3.0,0,18
2023,17,lawson,2.0,0,19
2023,17,sargeant,0.0,0,20
2023,17,de_vries,0.0,0,21
2023,17,ricciardo,0.0,0,22
2023,18,max_verstappen,466.0,15,1
2023,18,perez,240.0,2,2
2023,18,hamilton,201.0,0,3
2023,18,alonso,183.0,0,4
2023,18,sainz,171.0,1,5
2023,18,norris,159.0,0,6
2023,18,leclerc,151.0,0,7
2023,18,russell,143.0,0,8
2023,18,piastri,83.0,0,9
2023,18,gasly,56.0,0,10
2023,18,stroll,53.0,0,11
2023,18,ocon,44.0,0,12
2023,18,albon,25.0,0,13
2023,18,bottas,10.0,0,14
2023,18,hulkenberg,9.0,0,15
2023,18,tsunoda,8.0,0,16
2023,18,zhou,6.0,0,17
2023,18,kevin_magnussen,3.0,0,18
2023,18,lawson,2.0,0,19
2023,18,sargeant,1.0,0,20
2023,18,de_vries,0.0,0,21
2023,18,ricciardo,0.0,0,22
